{"timestamp":"2025-06-24T12:23:33.608Z","source":"Alien (III)","target":"alien iii","method":"cached","confidence":1.0,"session_id":"excel_session_1750767813608_pndguz1vw"}
{"timestamp":"2025-06-24T12:24:13.102Z","source":"Alien (III)","target":"alien iii","method":"cached","confidence":1.0,"session_id":"excel_session_1750767813608_pndguz1vw"}
{"timestamp":"2025-06-25T06:46:38.448Z","source":"alien","target":"alien iii","method":"fuzzy","confidence":0.5,"session_id":"excel_1750833977216_ae42hjobw"}
{"timestamp":"2025-06-25T06:47:10.121Z","source":"TheAnchor/Riverside/Pub","target":"Pub, TheAnchor, Riverside","method":"fuzzy","confidence":1.0,"session_id":"excel_1750833977216_ae42hjobw"}
{"timestamp":"2025-06-25T06:47:27.982Z","source":"alien iii","target":"alien iii","method":"cached","confidence":1.0,"session_id":"excel_1750833977216_ae42hjobw"}
{"timestamp":"2025-06-25T06:47:36.793Z","source":"Alien (III)","target":"alien iii","method":"cached","confidence":1.0,"session_id":"excel_1750833977216_ae42hjobw"}
{"timestamp":"2025-06-27T07:41:07.667Z","source":"Alien","target":"alien iii","method":"fuzzy","confidence":0.5,"session_id":"excel_1751010001756_eaf4ikdog"}
{"timestamp":"2025-06-27T07:41:44.488Z","source":"Tea","target":"To determine which transformation group the term \"Tea\" matches best, let's analyze the given transformation patterns.\n\n1. The first pattern is \"snake_case_identifier\" which involves converting text to lowercase with underscores replacing spaces and special characters. Examples given are \"hello_world\", \"user_name\", and \"data_processing\". If we apply this pattern to \"Tea\", it remains \"tea\" because it is already a single word without spaces or special characters. So, \"Tea\" in snake_case would be \"tea\".\n\n2. The second pattern is \"camelCase_identifier\" which involves converting text to camelCase format with the first letter lowercase. Examples provided are \"helloWorld\", \"userName\", and \"dataProcessing\". For \"Tea\", applying camelCase would result in \"tea\" since it's a single word and the first letter is made lowercase.\n\nBoth patterns, when applied to \"Tea\", result in \"tea\". However, the key distinction lies in how they handle multi-word inputs or the specifics of their formatting.\n\nGiven that \"Tea\" is a single word:\n\n- The snake_case version is \"tea\".\n- The camelCase version is also \"tea\".\n\nSince both patterns result in the same output for a single-word input like \"Tea\", we can consider \"Tea\" as matching both patterns in terms of output (\"tea\"). However, the description and examples suggest that both patterns are viable for single-word inputs, with the primary difference being in how they handle or would handle multi-word inputs.\n\nTo choose between them based on the given information:\n\n- \"Tea\" doesn't contain spaces or special characters, so it doesn't need conversion in that sense.\n- Both patterns suggest a conversion to lowercase, which \"Tea\" undergoes to become \"tea\".\n\nTherefore, \"Tea\" can be considered to match both transformation patterns in terms of the final result (\"tea\"). However, if we strictly follow the given examples and descriptions, \"snake_case_identifier\" might be slightly more directly applicable or intuitive because it directly mentions conversion to lowercase (which is the primary change for \"Tea\"), and it doesn't imply a need for a second word to demonstrate camelCase.\n\nBut since \"Tea\" is a simple case and becomes \"tea\" in both, it's a bit of a tie based on the given data. For a more definitive answer, we might lean towards \"snake_case_identifier\" because \"tea\" is a valid snake_case identifier, and the pattern's description directly aligns with the lowercase conversion \"Tea\" undergoes.","method":"llm","confidence":0.8,"session_id":"excel_1751010001756_eaf4ikdog"}
{"timestamp":"2025-06-27T07:50:04.388Z","source":"MedCenter","target":"To determine which transformation group \"MedCenter\" matches best, let's analyze the given patterns.\n\n1. **\"pattern\": \"snake_case_identifier\"** involves converting text to lowercase with underscores replacing spaces and special characters. Examples include \"hello_world\", \"user_name\", \"data_processing\". To fit \"MedCenter\" into this pattern, it would need to be converted to something like \"med_center\". Although it doesn't directly match the examples, it's plausible to transform \"MedCenter\" into this format.\n\n2. **\"pattern\": \"camelCase_identifier\"** involves converting text to camelCase format with the first letter lowercase. Examples include \"helloWorld\", \"userName\", \"dataProcessing\". \"MedCenter\" could be transformed into \"medCenter\", which fits this pattern well as it involves making the first letter lowercase and it doesn't require adding underscores.\n\nLet's directly compare \"MedCenter\" with the examples given for both patterns:\n\n- For \"snake_case_identifier\", \"MedCenter\" would be transformed into \"med_center\", which isn't directly similar to the given examples but follows the described rule.\n- For \"camelCase_identifier\", transforming \"MedCenter\" into \"medCenter\" directly fits the camelCase format, similar to the examples given like \"helloWorld\".\n\nSince \"MedCenter\" can be easily transformed into \"medCenter\" which matches the camelCase_identifier pattern, and this transformation directly aligns with the given examples in terms of format (first letter lowercase, no underscores), it seems that **\"camelCase_identifier\"** is the pattern that \"MedCenter\" matches best.\n\nTherefore, the best match for \"MedCenter\" is the transformation group with the pattern **\"camelCase_identifier\"**.","method":"llm","confidence":0.8,"session_id":"excel_1751010001756_eaf4ikdog"}
{"timestamp":"2025-06-27T07:50:18.041Z","source":"High","target":"To determine which transformation group the term \"High\" matches best, let's analyze the provided transformation groups.\n\n1. The first group transforms text into \"snake_case_identifier\" format. This means converting text to lowercase and replacing spaces and special characters with underscores. Examples given include \"hello_world\", \"user_name\", and \"data_processing\". If we apply this transformation to \"High\", it would result in \"high\".\n\n2. The second group transforms text into \"camelCase_identifier\" format. This involves converting text to camelCase, starting with a lowercase letter. Examples provided are \"helloWorld\", \"userName\", and \"dataProcessing\". Applying this transformation to \"High\" would give us \"high\".\n\nBoth transformations result in \"high\". However, to decide which group \"High\" matches best, we should consider how closely the original term aligns with the description and examples of each group.\n\n- For \"snake_case_identifier\", \"High\" is not in the exact format, but it can be transformed into \"high\", which fits the pattern since it's a single word in lowercase.\n- For \"camelCase_identifier\", \"High\" can also be transformed into \"high\", which matches the pattern because it's a single word starting with a lowercase letter.\n\nHowever, \"High\" is a single word and doesn't contain spaces or special characters that need to be replaced. The primary transformation needed here is case conversion to lowercase. Both patterns achieve this, but they imply different handling for multi-word identifiers.\n\nSince \"High\" is a simple, single-word identifier, the key transformation is to lowercase it, resulting in \"high\". Both patterns could potentially apply, but \"snake_case_identifier\" is a more specific pattern that includes the expectation of lowercase, which aligns with the result.\n\nTherefore, \"High\" could match either pattern well because it doesn't test the specific multi-word handling aspects of the patterns. However, given that \"High\" becomes \"high\" and doesn't involve multiple words or special characters, it's somewhat a trivial match. \n\nIn a more nuanced analysis where the term had multiple words or required the specific handling described (like spaces or special characters), one could differentiate more clearly between the two. For \"High\", both are viable, but if forced to choose based on the closest logical transformation, the decision leans towards the \"snake_case_identifier\" because it directly results in \"high\", a valid example of the pattern, albeit a simple one.\n\nThus, the best match is the \"snake_case_identifier\" group, primarily because \"high\" is a valid representation of this pattern, even though it's a straightforward case conversion.","method":"llm","confidence":0.8,"session_id":"excel_1751010001756_eaf4ikdog"}
{"timestamp":"2025-06-27T07:52:39.933Z","source":"Sodium","target":"To identify which transformation group the term \"Sodium\" matches best, let's analyze the given transformation patterns:\n\n1. **\"pattern\": \"snake_case_identifier\"**\n   - Description: Convert text to lowercase with underscores replacing spaces and special characters.\n   - Examples: \"hello_world\", \"user_name\", \"data_processing\"\n\n2. **\"pattern\": \"camelCase_identifier\"**\n   - Description: Convert text to camelCase format with the first letter lowercase.\n   - Examples: \"helloWorld\", \"userName\", \"dataProcessing\"\n\nThe given term is \"Sodium\". It's a single word without spaces or special characters.\n\n- To match the \"snake_case_identifier\" pattern, \"Sodium\" would need to be converted to lowercase. Since it's a single word, there are no spaces or special characters to replace with underscores. Thus, it would become \"sodium\", which aligns with the pattern.\n  \n- To match the \"camelCase_identifier\" pattern, \"Sodium\" needs to have its first letter lowercased to fit the camelCase format since it's a single word. So, it would become \"sodium\". Although camelCase typically involves a mix of lowercase and uppercase letters for multiple words, a single word in camelCase starts with a lowercase letter.\n\nBoth transformations result in \"sodium\". However, the key is to see which pattern \"Sodium\" more naturally aligns with or requires less additional transformation beyond the case change.\n\n1. **snake_case_identifier**: The original term \"Sodium\" needs to be lowercased to fit this pattern, resulting in \"sodium\". This matches the pattern as \"sodium\" is in lowercase and has no underscores (since it's a single word).\n\n2. **camelCase_identifier**: Similarly, \"Sodium\" needs to be lowercased to fit, becoming \"sodium\". For single-word identifiers, camelCase and lowercase are effectively the same, except the convention is to start with a lowercase letter, which is done here.\n\nGiven that \"Sodium\" becomes \"sodium\" in both cases and considering it's a single word, both patterns could be argued to be a match. However, \"sodium\" directly fits the description of being in lowercase (required by snake_case) and starts with a lowercase letter (required by camelCase).\n\nBetween the two, **\"snake_case_identifier\"** might be considered a slightly more straightforward match because it directly requires the term to be in lowercase, and \"sodium\" is. The camelCase requirement for a single word is also met by lowercasing it, but snake_case more directly describes the result without implying a mix of cases for multiple words.\n\nTherefore, \"Sodium\" matches best with the **\"snake_case_identifier\"** transformation group because it directly aligns with the requirement of being in lowercase, and there's no need for underscore insertion since it's a single word.","method":"llm","confidence":0.8,"session_id":"excel_1751010001756_eaf4ikdog"}
{"timestamp":"2025-06-27T07:53:24.168Z","source":"Café","target":"To determine the best match for the term \"Café\" among the given transformation groups, let's analyze the options:\n\n1. **\"snake_case_identifier\"**:\n   - Description: Convert text to lowercase with underscores replacing spaces and special characters.\n   - Examples: \"hello_world\", \"user_name\", \"data_processing\".\n\n   Applying this transformation to \"Café\":\n   - First, convert to lowercase: \"café\".\n   - The result is \"café\". Since there are no spaces or special characters other than the accent, and assuming the transformation also handles accents or leaves them as is (or possibly removes them in a more complex transformation), the closest representation would be \"cafe\". Thus, \"café\" or \"cafe\" could be considered a valid snake_case representation if we consider the lack of spaces or special characters to replace.\n\n2. **\"camelCase_identifier\"**:\n   - Description: Convert text to camelCase format with the first letter lowercase.\n   - Examples: \"helloWorld\", \"userName\", \"dataProcessing\".\n\n   Applying this transformation to \"Café\":\n   - First letter to lowercase: \"café\".\n   - The result remains \"café\". CamelCase typically does not deal with accents or special characters directly unless it's part of a larger string where the next word needs to be capitalized. So, \"café\" is already in a lowercase format but doesn't fully adhere to the conventional camelCase if we consider adding another word. For example, \"caféName\" or \"cafeName\" if accents are removed or handled.\n\nConsidering the given term \"Café\" and the transformation groups, both patterns could potentially be applied, but they require a bit of interpretation, especially regarding the handling of accents.\n\n- For **snake_case_identifier**, \"café\" or \"cafe\" is a plausible result, adhering to the lowercase principle, and there's no need to change case or add another word.\n- For **camelCase_identifier**, \"café\" is the result, which is already in lowercase, and it's ready to be followed by another capitalized word if needed (e.g., \"caféOwner\").\n\nHowever, given that \"Café\" is a single word and doesn't directly fit into the multi-word examples provided for either pattern, we must choose based on the closest adherence to the described transformation.\n\nSince \"Café\" is a single term and considering the closest match based on the transformation rules:\n\n- The term \"Café\" when transformed to lowercase becomes \"café\". This directly aligns with the principle behind **\"snake_case_identifier\"** if we consider that it remains as is or could be simplified to \"cafe\". It doesn't necessarily require an underscore or another word to be considered in this format.\n\n- For **\"camelCase_identifier\"**, while \"café\" is lowercase, the typical application of camelCase is seen with multiple words.\n\n**\"snake_case_identifier\"** seems to be a more direct match because \"café\" or \"cafe\" is a valid representation in snake_case for a single-word identifier, and it follows the rule of being in lowercase.\n\nTherefore, the best match for \"Café\" is the **\"snake_case_identifier\"** transformation group.","method":"llm","confidence":0.8,"session_id":"excel_1751010001756_eaf4ikdog"}
{"timestamp":"2025-06-27T07:53:38.402Z","source":"Free","target":"To determine which transformation group the term \"Free\" matches best, let's analyze the given patterns and their descriptions.\n\n1. The first pattern is \"snake_case_identifier\" with the description \"Convert text to lowercase with underscores replacing spaces and special characters.\" Examples include \"hello_world\", \"user_name\", and \"data_processing\". To fit \"Free\" into this pattern, it would be converted to lowercase and potentially have underscores if it contained spaces or special characters. Since \"Free\" is a single word without spaces or special characters, its snake_case equivalent would be \"free\".\n\n2. The second pattern is \"camelCase_identifier\" with the description \"Convert text to camelCase format with first letter lowercase.\" Examples given are \"helloWorld\", \"userName\", and \"dataProcessing\". For \"Free\" to fit this pattern, it would need to be converted to start with a lowercase letter, resulting in \"free\".\n\nBoth patterns result in \"free\" when applied to \"Free\". However, the task is to identify which group \"Free\" matches best based on the given patterns.\n\n- The \"snake_case_identifier\" group converts to lowercase and uses underscores for separation, which is a clear match for \"Free\" becoming \"free\".\n- The \"camelCase_identifier\" group converts to camelCase with the first letter lowercase. Since \"Free\" is a single word, its camelCase version is also \"free\".\n\nGiven that both transformations result in \"free\", we can consider \"Free\" as matching both patterns equally well in terms of the outcome for a single-word input. However, to make a distinction:\n\n- \"snake_case_identifier\" is about converting to lowercase and using underscores, which aligns with \"free\" as there's no need for underscores in a single-word term.\n- \"camelCase_identifier\" specifically mentions starting with a lowercase letter, which \"free\" satisfies.\n\nBoth patterns effectively describe a transformation that results in \"free\" for the input \"Free\". Thus, \"Free\" can be considered to match both transformation groups in the context of the given examples and descriptions, as both would result in the same output (\"free\") for a single-word term.\n\nHowever, if we had to choose based on the closest match or most appropriate transformation considering typical naming conventions:\n\n- \"Free\" matches the \"snake_case_identifier\" pattern as it directly converts to \"free\", fitting the description of converting to lowercase.\n- It also matches the \"camelCase_identifier\" because \"free\" is in camelCase for a single-word identifier.\n\nFor a single word like \"Free\", both patterns effectively result in the same output. The decision could lean towards the \"snake_case_identifier\" if we consider a more general or common use case for a single word, or towards \"camelCase_identifier\" if the context emphasizes camelCase.\n\nSince \"Free\" directly converts to \"free\" under both rules and there's no additional context that would differentiate the applicability (like multi-word terms where the difference between the two patterns becomes more apparent), we could argue it matches both. However, given the instruction to identify the best match and the examples provided, a reasonable choice could be either, with a slight leaning towards \"snake_case_identifier\" due to its straightforward application to single-word terms without needing to consider capitalization rules for the first letter as the primary differentiator.\n\nTherefore, a reasonable match for \"Free\" could be the \"snake_case_identifier\" group, as it directly aligns with the conversion to \"free\".","method":"llm","confidence":0.8,"session_id":"excel_1751010001756_eaf4ikdog"}
{"timestamp":"2025-06-27T07:54:04.638Z","source":"TG","target":"Milk, TG","method":"fuzzy","confidence":0.5,"session_id":"excel_1751010001756_eaf4ikdog"}
{"timestamp":"2025-06-27T07:54:26.335Z","source":"Light Roast","target":"Coffee, Light Roast","method":"fuzzy","confidence":0.6666666666666666,"session_id":"excel_1751010001756_eaf4ikdog"}
{"timestamp":"2025-06-27T07:54:50.787Z","source":"Soup","target":"To determine which transformation group the term \"Soup\" matches best, let's analyze the given transformation patterns.\n\n1. The term \"Soup\" is a single word. \n2. It starts with an uppercase letter.\n\nNow, let's examine the transformation groups:\n\n1. **\"snake_case_identifier\"**: This pattern involves converting text to lowercase and using underscores to replace spaces and special characters. Examples given are \"hello_world\", \"user_name\", \"data_processing\". If we apply this pattern to \"Soup\", it would become \"soup\". While \"Soup\" can be transformed into a valid snake_case identifier (\"soup\"), the original casing is not directly matched.\n\n2. **\"camelCase_identifier\"**: This involves converting text into camelCase, where the first letter is lowercase, and subsequent words are capitalized. Examples include \"helloWorld\", \"userName\", \"dataProcessing\". To match \"Soup\" to this pattern, we would need to convert it to start with a lowercase letter, resulting in \"soup\". This is a valid camelCase identifier if it's a single word, as there are no subsequent words to capitalize.\n\nConsidering the given term \"Soup\" and applying the transformations:\n\n- For \"snake_case_identifier\", \"Soup\" becomes \"soup\", which fits the pattern.\n- For \"camelCase_identifier\", \"Soup\" becomes \"soup\", which also fits the pattern because a single-word identifier in camelCase starts with a lowercase letter.\n\nBoth patterns could potentially match, but \"Soup\" is not directly in either format. However, when transformed, \"soup\" is a valid representation in both cases.\n\nGiven that \"Soup\" is a single word and needs a simple casing change to match either pattern, let's directly compare the resulting transformation:\n- \"soup\" matches the snake_case pattern.\n- \"soup\" is also a valid camelCase identifier for a single-word term.\n\nSince \"Soup\" transforms into \"soup\" and this matches the \"snake_case_identifier\" pattern directly, and considering that it's a simple transformation (just lowercasing), it seems like a straightforward match.\n\n**Conclusion**: \"Soup\" best matches the \"snake_case_identifier\" transformation group because it requires the least complex transformation (lowercasing) to fit into the pattern, and \"soup\" is a valid snake_case identifier. Additionally, while \"soup\" could also be seen as a valid camelCase identifier, the description emphasizes starting with a lowercase letter, which \"Soup\" isn't but becomes after transformation. Thus, both are plausible, but if we strictly interpret the task, \"snake_case_identifier\" seems a slightly more direct match due to the direct applicability of the resulting \"soup\".","method":"llm","confidence":0.8,"session_id":"excel_1751010001756_eaf4ikdog"}
{"timestamp":"2025-06-27T07:57:16.413Z","source":"French","target":"To identify which transformation group the term \"French\" matches best, let's analyze the given transformation patterns.\n\nThe term \"French\" is a single word without any spaces or special characters other than possibly being considered for transformation into different casing formats.\n\n1. The first transformation pattern is \"snake_case_identifier\", which involves converting text to lowercase and replacing spaces and special characters with underscores. \n   - Applying this to \"French\": It becomes \"french\" as there's no space or special character to replace with an underscore.\n\n2. The second transformation pattern is \"camelCase_identifier\", which involves converting the text into camelCase format, starting with a lowercase letter.\n   - Applying this to \"French\": It becomes \"french\" since it's a single word and camelCase for single words without spaces or special characters just means making the first letter lowercase if it's not already.\n\nBoth transformations result in \"french\". However, to decide which group \"French\" matches best, let's consider the essence of the transformations and the examples given:\n\n- \"snake_case_identifier\" examples: \"hello_world\", \"user_name\", \"data_processing\". These are all phrases or words that have been converted to include underscores, typically used for phrases or compound words.\n- \"camelCase_identifier\" examples: \"helloWorld\", \"userName\", \"dataProcessing\". These are used for creating variable or function names that are compound words or phrases, starting with a lowercase letter.\n\nSince \"French\" is a single word, it doesn't directly fit the typical use case examples for either pattern as both examples usually involve compound words or phrases. However, if we had to transform \"French\" into a form that fits one of these patterns, \"french\" is a valid result for both.\n\nConsidering the transformation outcomes and the typical use cases, \"French\" when transformed into \"french\" aligns more closely with the spirit of \"camelCase_identifier\" because it directly results in a valid camelCase identifier for a single word. \"snake_case_identifier\" is also a valid match in terms of the transformation result (\"french\"), but the pattern is more distinctively characterized by the use of underscores for compound words or phrases.\n\nBoth patterns could be argued to be a match, but if we are to choose one based on the closest alignment with the given examples and typical use cases, \"camelCase_identifier\" might be slightly more appropriate because \"french\" (the result of transforming \"French\") is a straightforward camelCase identifier for a single word.\n\nTherefore, the best match for \"French\" is the \"camelCase_identifier\" transformation group, understanding that the result is simply \"french\" in lowercase, fitting the camelCase convention for single-word identifiers.","method":"llm","confidence":0.8,"session_id":"excel_1751010001756_eaf4ikdog"}
{"timestamp":"2025-06-27T07:58:42.630Z","source":"French","target":"To determine which transformation group the term \"French\" matches best, we'll analyze the provided transformation patterns.\n\n1. The term \"French\" is a single word without spaces or special characters other than possibly being used as is or having some variation in case (e.g., \"french\" or \"French\").\n\n2. The first transformation pattern, \"snake_case_identifier,\" involves converting text to lowercase with underscores replacing spaces and special characters. Examples given are \"hello_world,\" \"user_name,\" and \"data_processing.\" For the term \"French,\" applying this pattern would result in \"french,\" which matches the lowercase requirement but doesn't demonstrate the use of underscores since \"French\" is a single word.\n\n3. The second transformation pattern, \"camelCase_identifier,\" involves converting text to camelCase format with the first letter lowercase. Examples provided are \"helloWorld,\" \"userName,\" and \"dataProcessing.\" For \"French,\" applying this pattern would result in \"french,\" as there's no additional word to capitalize.\n\nBoth patterns, when applied to the single word \"French,\" result in \"french.\" However, we can analyze their applicability based on the given descriptions and examples.\n\n- The \"snake_case_identifier\" pattern is more about handling multiple words or special characters by converting them into a lowercase format with underscores. For a single word like \"French,\" it simply converts it to lowercase (\"french\"), which it does.\n\n- The \"camelCase_identifier\" pattern is about camelCase conversion, typically used for identifiers in programming where the first letter is lowercase, and subsequent words are capitalized. For a single word, this effectively means just making the first letter lowercase, resulting in \"french\" for \"French.\"\n\nSince \"French\" is a single word, both patterns lead to the same result (\"french\") when applied. However, the \"snake_case_identifier\" examples better represent a broader application of the pattern, including handling of multiple words. For a single word like \"French,\" either pattern could theoretically apply, but \"snake_case_identifier\" might be considered a more universally applicable pattern because it handles single words as well as multiple words, albeit the latter with more distinct transformation.\n\nConsidering the information and examples provided, both patterns could match \"French\" when transformed. However, if we strictly follow the given examples and descriptions, \"snake_case_identifier\" seems slightly more representative because it doesn't necessarily require multiple words to be applicable, and it clearly states the conversion to lowercase, which applies directly to \"French.\"\n\nTherefore, the best match for \"French\" is the \"snake_case_identifier\" transformation group, as it results in \"french,\" aligning with the pattern's description of converting to lowercase.","method":"llm","confidence":0.8,"session_id":"excel_1751011095526_0fktg4i5z"}
{"timestamp":"2025-06-27T08:10:54.802Z","source":"French","target":"To determine which transformation group the term \"French\" matches best, let's analyze the given transformation patterns.\n\n1. The first transformation pattern is \"snake_case_identifier\". It involves converting text to lowercase with underscores replacing spaces and special characters. Examples provided include \"hello_world\", \"user_name\", and \"data_processing\". If we apply this transformation to \"French\", it would become \"french\". This matches the pattern as it is already a single word in lowercase.\n\n2. The second transformation pattern is \"camelCase_identifier\". It requires converting text to camelCase format with the first letter lowercase. Examples given are \"helloWorld\", \"userName\", and \"dataProcessing\". Applying this to \"French\" results in \"french\". This matches the pattern since \"French\" is a single word and converting it to camelCase means making the first letter lowercase, yielding \"french\".\n\nGiven that \"French\" is a single word without spaces or special characters, both transformations result in \"french\". However, the task is to determine which pattern it matches best.\n\n- For \"snake_case_identifier\", \"french\" is a valid outcome as it is in lowercase.\n- For \"camelCase_identifier\", \"french\" is also a valid outcome as it follows the camelCase convention for a single-word identifier with the first letter in lowercase.\n\nSince \"French\" is a single word and both patterns result in a valid transformation (\"french\"), we should consider which of these patterns is more directly applicable or conventional for a single-word term like \"French\".\n\nBoth patterns are applicable, but given that \"french\" directly fits the description of both, the choice might depend on the context or convention used in the project. However, typically, a single word like \"French\" when transformed would logically fit into either pattern without issue.\n\nIn many coding conventions, a single word identifier like \"French\" would be transformed to \"french\" for consistency, regardless of whether the overall convention is snake_case or camelCase. \n\nTherefore, \"French\" matches both transformation groups well when considering the outcome \"french\". However, if we strictly follow the pattern examples and descriptions, \"french\" is a straightforward match for both. \n\nGiven the information and focusing on the best match based on the transformation described:\n\nThe best match is either, as both result in \"french\". However, if a distinction is to be made based on the type of identifier, \"snake_case_identifier\" is often used for variable or attribute names that are not functions or methods, and \"camelCase_identifier\" is commonly used for variable or method names in many programming languages. Without additional context on whether \"French\" is being used as a variable, attribute, or method name, the most straightforward interpretation is that it could fit either, with \"snake_case_identifier\" potentially being slightly more universally applicable for a simple attribute or variable name.\n\nThus, based on common usage and the examples given, \"French\" could match either pattern well, but \"snake_case_identifier\" might be considered a slightly more conservative or universally applicable choice for a simple term.","method":"llm","confidence":0.8,"session_id":"excel_1751011831620_9hlz9g9lz"}
{"timestamp":"2025-06-27T08:11:27.623Z","source":"French Brie","target":"French Brie Cheese, FR","method":"fuzzy","confidence":0.5,"session_id":"excel_1751011831620_9hlz9g9lz"}
{"timestamp":"2025-06-27T08:11:58.376Z","source":"Cheese ","target":"To identify which transformation group the term \"Cheese\" matches best, we need to analyze the given transformation patterns and apply them to \"Cheese\".\n\n### Transformation Patterns Analysis\n\n1. **snake_case_identifier**:\n   - Description: Convert text to lowercase with underscores replacing spaces and special characters.\n   - Examples: \"hello_world\", \"user_name\", \"data_processing\".\n   - Applying this to \"Cheese\": Since \"Cheese\" is a single word without spaces or special characters, it simply needs to be converted to lowercase. Thus, \"Cheese\" becomes \"cheese\".\n\n2. **camelCase_identifier**:\n   - Description: Convert text to camelCase format with the first letter lowercase.\n   - Examples: \"helloWorld\", \"userName\", \"dataProcessing\".\n   - Applying this to \"Cheese\": Since \"Cheese\" is a single word, converting it to camelCase involves making the first letter lowercase. Thus, \"Cheese\" becomes \"cheese\".\n\n### Comparison\n\n- For \"snake_case_identifier\", \"Cheese\" is transformed into \"cheese\".\n- For \"camelCase_identifier\", \"Cheese\" is also transformed into \"cheese\".\n\nBoth transformation patterns result in the same output for the input \"Cheese\", which is \"cheese\". This is because \"Cheese\" is a single word without spaces or special characters, making the distinction between the two patterns irrelevant in this specific case.\n\n### Conclusion\n\nSince both patterns result in the same output (\"cheese\") when applied to \"Cheese\", it can be argued that \"Cheese\" matches both transformation groups equally well in terms of the final result. However, given that the examples and descriptions of both patterns imply handling of multi-word inputs or inputs requiring case changes, \"Cheese\" as a single word input doesn't fully leverage the distinguishing characteristics of either pattern.\n\nIf we strictly follow the examples and descriptions, both are valid, but \"snake_case_identifier\" might be slightly more appropriate because its output (\"cheese\") directly matches one of the implicit expectations (lowercase), and it doesn't require any change in the word structure (like inserting a capital letter as in camelCase for multi-word identifiers).\n\nTherefore, based on the given information and focusing on the closest match considering typical use cases and descriptions, **\"snake_case_identifier\"** could be considered a marginally better fit for \"Cheese\" due to its straightforward application and result. However, it's worth noting that both patterns effectively reduce to the same simple transformation for single-word inputs like \"Cheese\".","method":"llm","confidence":0.8,"session_id":"excel_1751011831620_9hlz9g9lz"}
{"timestamp":"2025-06-27T08:12:07.373Z","source":"AutoFix","target":"To determine which transformation group \"AutoFix\" matches best, let's first analyze the given term and then compare it with the provided transformation groups.\n\n1. **Analysis of \"AutoFix\"**:\n   - \"AutoFix\" starts with a capital letter \"A\" and has another capital letter \"F\" within it.\n   - It does not contain underscores or spaces.\n   - It is not entirely in lowercase.\n\n2. **Comparison with Transformation Groups**:\n   - **Group 1: \"snake_case_identifier\"**\n     - Characteristics: Lowercase, underscores instead of spaces, special characters replaced.\n     - Examples: \"hello_world\", \"user_name\", \"data_processing\".\n     - \"AutoFix\" does not match this pattern because it is not in lowercase and does not contain underscores.\n   \n   - **Group 2: \"camelCase_identifier\"**\n     - Characteristics: First letter lowercase, subsequent words capitalized, no spaces or underscores.\n     - Examples: \"helloWorld\", \"userName\", \"dataProcessing\".\n     - \"AutoFix\" is close to this pattern but starts with a capital letter, not a lowercase letter, which is a key characteristic of camelCase (the first letter should be lowercase).\n\nGiven the characteristics of \"AutoFix\" and the provided transformation groups, it doesn't perfectly match either. However, it's closer in spirit to camelCase if we consider the capitalization of the first letter as a deviation. A more suitable match for \"AutoFix\" would be \"PascalCase\" (also known as UpperCamelCase), which is not listed among the options. PascalCase is similar to camelCase but starts with a capital letter.\n\nSince \"AutoFix\" is in PascalCase (or UpperCamelCase), and it's not directly listed, we need to choose the closest available option. Between snake_case and camelCase, \"AutoFix\" is more similar to camelCase due to its word capitalization pattern, despite the initial capital letter.\n\nTherefore, based on the available choices, **\"AutoFix\" best matches the \"camelCase_identifier\" group** in terms of having a multi-word identifier with the first letter of the second word capitalized, though it ideally represents PascalCase/UpperCamelCase.","method":"llm","confidence":0.8,"session_id":"excel_1751011831620_9hlz9g9lz"}
{"timestamp":"2025-06-27T08:12:18.972Z","source":"Peruvian Purple","target":"Peruvian Purple Potato, PE","method":"fuzzy","confidence":0.5,"session_id":"excel_1751011831620_9hlz9g9lz"}
{"timestamp":"2025-06-27T08:12:44.693Z","source":"fast furious","target":"fast & furious vii","method":"fuzzy","confidence":0.6666666666666666,"session_id":"excel_1751011831620_9hlz9g9lz"}
{"timestamp":"2025-06-27T08:12:50.872Z","source":"Soda","target":"Soda, Diet","method":"fuzzy","confidence":0.5,"session_id":"excel_1751011831620_9hlz9g9lz"}
{"timestamp":"2025-06-27T08:14:00.312Z","source":"fast furious","target":"fast & furious vii","method":"fuzzy","confidence":0.6666666666666666,"session_id":"excel_1751012028516_56aec8ywg"}
{"timestamp":"2025-06-27T08:14:25.630Z","source":"Light Roast","target":"Coffee, Light Roast","method":"fuzzy","confidence":0.6666666666666666,"session_id":"excel_1751012028516_56aec8ywg"}
{"timestamp":"2025-06-27T08:16:25.921Z","source":"Light Roast","target":"Coffee, Light Roast","method":"ProfileRank","confidence":0.6666666666666666,"session_id":"excel_1751012171236_8frpp7dro"}
{"timestamp":"2025-06-27T08:43:24.462Z","source":"Light Roast","target":"Coffee, Light Roast","method":"ProfileRank","confidence":0.6666666666666666,"session_id":"excel_1751013791943_egthled30"}
{"timestamp":"2025-06-27T08:50:29.623Z","source":"Light Roast","target":"Coffee, Light Roast","method":"ProfileRank","confidence":0.6666666666666666,"session_id":"excel_1751013791943_egthled30"}
{"timestamp":"2025-06-27T08:50:29.631Z","source":"Light Roast","target":"Coffee, Light Roast","method":"ProfileRank","confidence":0.6666666666666666,"session_id":"excel_1751013791943_egthled30"}
{"timestamp":"2025-06-27T08:50:29.638Z","source":"Light Roast","target":"Coffee, Light Roast","method":"ProfileRank","confidence":0.6666666666666666,"session_id":"excel_1751013791943_egthled30"}
{"timestamp":"2025-06-27T08:50:38.491Z","source":"Tea","target":"To determine which transformation group the term \"Tea\" matches best, let's analyze the given transformation patterns.\n\n1. The first pattern is \"snake_case_identifier\". It involves converting text to lowercase with underscores replacing spaces and special characters. Examples given are \"hello_world\", \"user_name\", and \"data_processing\". If we apply this pattern to \"Tea\", it remains \"tea\" because it's already a single word without spaces or special characters. So, \"Tea\" would be transformed into \"tea\", which aligns with the pattern since \"tea\" is in lowercase and has no spaces or special characters to replace.\n\n2. The second pattern is \"camelCase_identifier\". It requires converting text to camelCase format with the first letter lowercase. Examples include \"helloWorld\", \"userName\", and \"dataProcessing\". For \"Tea\", applying this pattern would result in \"tea\" because the first letter is made lowercase, and there are no other words to capitalize. Thus, \"tea\" is the result.\n\nBoth patterns result in \"tea\" when applied to \"Tea\". However, the key difference lies in how they handle multi-word inputs. Since \"Tea\" is a single word, both patterns effectively produce the same output.\n\nTo decide, let's look closer:\n- \"snake_case_identifier\" transforms to lowercase and uses underscores for separation. For \"Tea\", it becomes \"tea\".\n- \"camelCase_identifier\" also results in \"tea\" for \"Tea\" because it lowercases the first letter and \"Tea\" is a single word.\n\nGiven \"Tea\" is a single word, both transformations yield \"tea\". However, if we're being strict about the definitions:\n- \"snake_case_identifier\" doesn't explicitly state it can't handle single words, and \"tea\" fits its description.\n- \"camelCase_identifier\" typically implies handling of multiple words with the first letter of subsequent words capitalized, but for single words, it just lowercases the first letter.\n\nSince \"Tea\" is a simple, single-word term, and both patterns result in \"tea\", it could fit either. However, \"snake_case_identifier\" might be considered a slightly better fit because it directly results in \"tea\" without implying the need for multiple words. That being said, \"camelCase_identifier\" also results in \"tea\" and doesn't necessarily require multiple words.\n\nIn conclusion, \"Tea\" matches both patterns well because it's a single word. However, if I had to pick one based on the examples and descriptions given, I would say it matches \"snake_case_identifier\" slightly better due to its straightforward application to single words without implying a need for multiple words or different casing within the word.","method":"llm","confidence":0.8,"session_id":"excel_1751013791943_egthled30"}
{"timestamp":"2025-06-27T08:50:38.516Z","source":"Tea","target":"To determine which transformation group the term \"Tea\" matches best, let's analyze the given transformation groups.\n\n1. The first transformation group is \"snake_case_identifier\" with a description that involves converting text to lowercase and using underscores to replace spaces and special characters. Examples include \"hello_world\", \"user_name\", and \"data_processing\".\n\n2. The second transformation group is \"camelCase_identifier\" with a description that involves converting text to camelCase format, starting with a lowercase letter. Examples given are \"helloWorld\", \"userName\", and \"dataProcessing\".\n\nNow, let's consider the term \"Tea\". To match it with one of the given transformation groups, we need to apply the described transformations.\n\n- For \"snake_case_identifier\", converting \"Tea\" according to the pattern would result in \"tea\" since it is already a single word without spaces or special characters, and converting it to lowercase yields \"tea\". This matches the pattern as \"tea\" is similar in style to the examples given (e.g., \"hello_world\", \"user_name\").\n  \n- For \"camelCase_identifier\", \"Tea\" would be converted to \"tea\" because the first letter is made lowercase. The result \"tea\" is similar in style to the examples (e.g., \"helloWorld\", \"userName\") in the sense that it's a single word starting with a lowercase letter.\n\nBoth transformations result in \"tea\". Since \"tea\" is a valid result for both patterns and there's no additional context that would require a more complex transformation (like handling multiple words or special characters), we need to consider which one \"tea\" aligns with more closely based on the given examples.\n\n\"tea\" directly matches the style of \"camelCase_identifier\" examples when considering single-word identifiers (it's already in a form that starts with a lowercase letter and doesn't contain additional words). Similarly, it matches the \"snake_case_identifier\" style for single-word identifiers (being in lowercase).\n\nHowever, given that \"Tea\" becomes \"tea\" and it's a single word, both patterns effectively result in the same output, but \"snake_case_identifier\" doesn't necessarily imply a change when there's no space or special character, and it directly results in a valid identifier (\"tea\").\n\nBetween the two, \"tea\" is more straightforwardly an example of both, but if we must choose, \"snake_case_identifier\" might be slightly more appropriate because \"tea\" is directly in lowercase as per the description, and it's a simple, single-word identifier.\n\nTherefore, the term \"Tea\" (transformed to \"tea\") matches best with the transformation group \"snake_case_identifier\" due to its simplicity and direct match with the pattern's result for single-word identifiers.","method":"llm","confidence":0.8,"session_id":"excel_1751013791943_egthled30"}
{"timestamp":"2025-06-27T08:50:38.596Z","source":"Tea","target":"To determine which transformation group the term \"Tea\" matches best, let's examine the characteristics of the given term and compare them with the descriptions and examples provided for the two transformation groups: \"snake_case_identifier\" and \"camelCase_identifier\".\n\n1. **Analysis of \"Tea\"**:\n   - \"Tea\" is a single word.\n   - It is capitalized.\n\n2. **Transformation Groups**:\n   - **snake_case_identifier**: This involves converting text to lowercase with underscores replacing spaces and special characters. Examples include \"hello_world\", \"user_name\", \"data_processing\".\n     - If we were to transform \"Tea\" into this format, it would become \"tea\".\n   - **camelCase_identifier**: This involves converting text to camelCase format with the first letter lowercase. Examples include \"helloWorld\", \"userName\", \"dataProcessing\".\n     - If we were to transform \"Tea\" into this format, it would become \"tea\".\n\nGiven the term \"Tea\" and the transformation rules, both groups would result in a similar output (\"tea\") because \"Tea\" is a single word without spaces or special characters. However, we need to consider the initial capitalization and the nature of the transformation.\n\n- The **snake_case_identifier** group suggests a conversion to lowercase, which \"Tea\" can be transformed into (\"tea\"). It matches the pattern since \"tea\" is in lowercase and doesn't require underscores (as there's no space or special character to replace).\n- The **camelCase_identifier** group also results in \"tea\" when applying the transformation, as it involves making the first letter lowercase, which is already the case after conversion.\n\nBoth transformations result in \"tea\". However, if we consider the rules strictly:\n- \"Tea\" transformed into **snake_case** is \"tea\", which fits the pattern.\n- \"Tea\" transformed into **camelCase** is also \"tea\", which fits the pattern since it's a single word and the first letter is made lowercase.\n\nThe best match considering the closest transformation without additional context (like handling multiple words or special characters) seems to be either, as both result in \"tea\". However, since \"Tea\" is a simple term, it aligns well with the basic principle of both transformations. \n\n**Conclusion**: Both transformation groups can be considered a match, but if we strictly follow the given examples and descriptions, \"snake_case_identifier\" might be slightly more straightforward for a single-word term like \"Tea\" as it directly converts to \"tea\" without any change in the word's internal structure, aligning with examples like \"hello_world\" when considering a single word (\"hello\" becoming \"hello\" in snake_case). Nonetheless, the output \"tea\" is the same for both, and \"Tea\" as a single word doesn't fully leverage the distinguishing features of either pattern. Therefore, based on the information given and the nature of \"Tea\", it could be argued that it matches the **snake_case_identifier** pattern more directly due to its simplicity and the direct conversion to lowercase.","method":"llm","confidence":0.8,"session_id":"excel_1751013791943_egthled30"}
{"timestamp":"2025-06-27T08:50:45.813Z","source":"High","target":"To determine which transformation group the term \"High\" matches best, let's examine the characteristics of the given term and compare them with the patterns described in the candidates.\n\n1. The term \"High\" starts with a capital letter and does not contain any spaces or special characters.\n\nNow, let's analyze the candidates:\n\n1. **\"pattern\": \"snake_case_identifier\"**\n   - **Description**: This involves converting text to lowercase with underscores replacing spaces and special characters.\n   - **Examples**: \"hello_world\", \"user_name\", \"data_processing\"\n   - If we were to transform \"High\" according to this pattern, it would become \"high\". While it matches the lowercase aspect, the original term \"High\" does not contain spaces or special characters that need to be replaced with underscores.\n\n2. **\"pattern\": \"camelCase_identifier\"**\n   - **Description**: This involves converting text to camelCase format with the first letter lowercase.\n   - **Examples**: \"helloWorld\", \"userName\", \"dataProcessing\"\n   - Transforming \"High\" to camelCase would result in \"high\". The camelCase pattern typically involves having a lowercase first letter followed by a capitalized first letter of the next word. \"High\" is a single word, so it would be converted to start with a lowercase letter.\n\nGiven the characteristics of \"High\", it is a single word that starts with a capital letter. Neither of the given transformation patterns directly matches \"High\" as is, but we need to determine which one it could be transformed into more naturally.\n\n- Transforming \"High\" into \"snake_case_identifier\" format gives us \"high\", which fits the pattern as it is a single word in lowercase.\n- Transforming \"High\" into \"camelCase_identifier\" format also results in \"high\", matching the pattern for a single-word identifier starting with a lowercase letter.\n\nBoth patterns could potentially apply, as \"High\" can be transformed into \"high\", which aligns with the essence of both patterns for a single-word identifier. However, \"High\" as is, doesn't directly fit into either pattern due to its initial capital letter. \n\nConsidering the closest match based on the transformation:\n- \"High\" transformed is \"high\", which is more directly related to **snake_case_identifier** since it directly matches an example like \"hello_world\" when considering \"high\" as analogous to \"hello_world\".\n\nThus, while neither perfectly matches, \"High\" can be seen as more closely related to the **snake_case_identifier** pattern when we consider the result of transforming \"High\" into a lowercase format.\n\nTherefore, the best match is the \"snake_case_identifier\" group, as \"High\" transforms into \"high\", aligning with the pattern's description of converting to lowercase.","method":"llm","confidence":0.8,"session_id":"excel_1751013791943_egthled30"}
{"timestamp":"2025-06-27T08:50:46.016Z","source":"High","target":"To determine which transformation group the term \"High\" matches best, let's analyze the given transformation patterns and their descriptions.\n\n1. The first transformation pattern is \"snake_case_identifier\" with a description that involves converting text to lowercase and using underscores to replace spaces and special characters. Examples given are \"hello_world\", \"user_name\", and \"data_processing\". If we were to apply this transformation to \"High\", it would result in \"high\".\n\n2. The second transformation pattern is \"camelCase_identifier\", which involves converting text to camelCase format with the first letter being lowercase. The examples provided are \"helloWorld\", \"userName\", and \"dataProcessing\". To apply this to \"High\", we would get \"high\".\n\nBoth transformations would result in \"high\". However, the key here is to understand which of these transformations is more likely to be considered a \"match\" based on the given patterns.\n\nSince \"High\" starts with a capital letter and has no spaces or special characters, applying either transformation results in a similar output (\"high\"). The decision then hinges on the nature of the transformation:\n\n- The \"snake_case_identifier\" pattern would keep it as a single word in lowercase (\"high\"), which is a straightforward conversion.\n- The \"camelCase_identifier\" pattern also results in \"high\", maintaining the single word nature but with the first letter in lowercase.\n\nBoth patterns result in the same output for \"High\", which is \"high\". However, if we consider the essence of the transformation (changing to lowercase and the handling of multiple words), \"High\" is a single word and both patterns handle it similarly.\n\nTo choose between them, we need to consider the spirit of the transformation. \"High\" is not a multi-word term, so the distinguishing feature (handling of spaces or multiple words) isn't directly applicable.\n\nHowever, \"camelCase_identifier\" typically implies the first letter is lowercase and is often used for variable or property names in programming where the first word is not capitalized. \"snake_case_identifier\" is also commonly used in programming for variable or identifier names and follows a similar logic of being all lowercase.\n\nGiven that both result in \"high\" and there's no clear multi-word context to differentiate their application, we could argue that \"High\" could fit into either category based on the output. However, the pattern that matches best is somewhat subjective without more context on how \"High\" is being used (e.g., as part of a variable name, a label, etc.).\n\nBoth transformations lead to \"high\", but if we are to pick one that is more universally applicable or common in programming contexts for a single word like \"High\", \"snake_case_identifier\" might be slightly more appropriate due to its straightforward conversion to lowercase without any change in word structure, and it's often used in contexts where identifiers or variable names are concerned.\n\nThus, the best match for \"High\" could be considered as \"snake_case_identifier\" because it directly converts \"High\" to \"high\", adhering to the conventional naming practices in many programming contexts.","method":"llm","confidence":0.8,"session_id":"excel_1751013791943_egthled30"}
{"timestamp":"2025-06-27T08:50:46.055Z","source":"High","target":"To determine which transformation group the term \"High\" matches best, let's analyze the given transformation groups.\n\n1. **\"pattern\": \"snake_case_identifier\"**\n   - **\"description\"**: Convert text to lowercase with underscores replacing spaces and special characters.\n   - **\"few examples\"**: \"hello_world\", \"user_name\", \"data_processing\".\n   - If we apply this pattern to \"High\", it would result in \"high\". While \"high\" isn't directly listed as an example, the pattern suggests a conversion to lowercase. \"High\" in snake_case would be \"high\", which aligns with the pattern's description.\n\n2. **\"pattern\": \"camelCase_identifier\"**\n   - **\"description\"**: Convert text to camelCase format with the first letter lowercase.\n   - **\"few examples\"**: \"helloWorld\", \"userName\", \"dataProcessing\".\n   - If we apply this pattern to \"High\", it would result in \"high\". The camelCase pattern requires the first letter to be lowercase, so \"High\" becomes \"high\". This matches the transformation described.\n\nBoth patterns suggest transforming \"High\" into \"high\". However, the key is understanding the description and applying it to \"High\".\n\n- For **snake_case_identifier**, \"High\" becomes \"high\", which fits the description because it involves converting to lowercase.\n- For **camelCase_identifier**, \"High\" also becomes \"high\", fitting the description as it involves making the first letter lowercase.\n\nSince both transformations result in \"high\", we need to look closer at the definitions and examples to decide.\n\n- The **snake_case_identifier** pattern involves converting to lowercase and potentially using underscores, but \"high\" doesn't require an underscore.\n- The **camelCase_identifier** pattern involves making the first letter lowercase and is typically used for identifiers where the first word is not capitalized.\n\nGiven that \"High\" is a single word and doesn't contain spaces or special characters that need to be replaced with underscores, and considering that both patterns result in \"high\", we can consider which pattern is more applicable based on typical use cases.\n\n**Both patterns could apply, but given that \"High\" is a simple term without spaces or special characters, and it becomes \"high\" in both cases, we need to consider the context or specific requirements that might make one more suitable than the other.**\n\nHowever, if we strictly follow the given information and examples, **\"camelCase_identifier\"** and **\"snake_case_identifier\"** both could be considered correct depending on the context (whether it's for a camelCase or snake_case identifier). But, if the output is expected to be used as an identifier that typically follows one of these conventions, and we strictly follow the transformation described:\n\n- \"High\" to \"high\" fits both descriptions.\n\nWithout more specific context or an example that directly involves the transformation of a capitalized single word like \"High\", both are plausible. However, the **snake_case_identifier** might be slightly more directly applicable because it directly results in a valid identifier (\"high\") without implying a need for a compound word (as camelCase often does).\n\nTherefore, based on the given information and focusing on a simple, straightforward transformation, **\"High\" could be argued to match either, but if I had to choose one based on a simple transformation to a valid identifier, I'd lean towards \"snake_case_identifier\" because \"high\" is a valid snake_case identifier and it directly aligns with the described transformation**.","method":"llm","confidence":0.8,"session_id":"excel_1751013791943_egthled30"}
{"timestamp":"2025-06-27T08:50:54.773Z","source":"TG","target":"Milk, TG","method":"ProfileRank","confidence":0.5,"session_id":"excel_1751013791943_egthled30"}
{"timestamp":"2025-06-27T08:50:54.780Z","source":"TG","target":"Milk, TG","method":"ProfileRank","confidence":0.5,"session_id":"excel_1751013791943_egthled30"}
{"timestamp":"2025-06-27T08:50:54.785Z","source":"TG","target":"Milk, TG","method":"ProfileRank","confidence":0.5,"session_id":"excel_1751013791943_egthled30"}
{"timestamp":"2025-06-27T08:51:11.344Z","source":"AI","target":"Milk, AI","method":"ProfileRank","confidence":0.5,"session_id":"excel_1751013791943_egthled30"}
{"timestamp":"2025-06-27T08:51:11.351Z","source":"AI","target":"Milk, AI","method":"ProfileRank","confidence":0.5,"session_id":"excel_1751013791943_egthled30"}
{"timestamp":"2025-06-27T08:51:11.360Z","source":"AI","target":"Milk, AI","method":"ProfileRank","confidence":0.5,"session_id":"excel_1751013791943_egthled30"}
{"timestamp":"2025-06-27T08:55:09.242Z","source":"AI","target":"Milk, AI","method":"ProfileRank","confidence":0.5,"session_id":"excel_1751013791943_egthled30"}
{"timestamp":"2025-06-27T08:55:09.249Z","source":"AI","target":"Milk, AI","method":"ProfileRank","confidence":0.5,"session_id":"excel_1751013791943_egthled30"}
{"timestamp":"2025-06-27T08:55:09.253Z","source":"AI","target":"Milk, AI","method":"ProfileRank","confidence":0.5,"session_id":"excel_1751013791943_egthled30"}
{"timestamp":"2025-06-27T08:55:09.256Z","source":"AI","target":"Milk, AI","method":"ProfileRank","confidence":0.5,"session_id":"excel_1751013791943_egthled30"}
{"timestamp":"2025-06-27T08:55:48.968Z","source":"Light Roast","target":"Coffee, Light Roast","method":"ProfileRank","confidence":0.6666666666666666,"session_id":"excel_1751013791943_egthled30"}
{"timestamp":"2025-06-27T08:55:48.993Z","source":"Light Roast","target":"Coffee, Light Roast","method":"ProfileRank","confidence":0.6666666666666666,"session_id":"excel_1751013791943_egthled30"}
{"timestamp":"2025-06-27T08:55:49.004Z","source":"Light Roast","target":"Coffee, Light Roast","method":"ProfileRank","confidence":0.6666666666666666,"session_id":"excel_1751013791943_egthled30"}
{"timestamp":"2025-06-27T08:55:49.015Z","source":"Light Roast","target":"Coffee, Light Roast","method":"ProfileRank","confidence":0.6666666666666666,"session_id":"excel_1751013791943_egthled30"}
{"timestamp":"2025-06-27T08:59:13.547Z","source":"AI","target":"Milk, AI","method":"ProfileRank","confidence":0.5,"session_id":"excel_1751013791943_egthled30"}
{"timestamp":"2025-06-27T08:59:13.559Z","source":"AI","target":"Milk, AI","method":"ProfileRank","confidence":0.5,"session_id":"excel_1751013791943_egthled30"}
{"timestamp":"2025-06-27T08:59:13.562Z","source":"AI","target":"Milk, AI","method":"ProfileRank","confidence":0.5,"session_id":"excel_1751013791943_egthled30"}
{"timestamp":"2025-06-27T08:59:13.566Z","source":"AI","target":"Milk, AI","method":"ProfileRank","confidence":0.5,"session_id":"excel_1751013791943_egthled30"}
{"timestamp":"2025-06-27T09:02:08.172Z","source":"Light Roast","target":"Coffee, Light Roast","method":"ProfileRank","confidence":0.6666666666666666,"session_id":"excel_1751014914797_ti62i57a2"}
{"timestamp":"2025-06-27T09:23:31.550Z","source":"TG","target":"Milk, TG","method":"fuzzy","confidence":0.5,"session_id":"excel_1751014914797_ti62i57a2"}
{"timestamp":"2025-06-27T09:23:57.489Z","source":"Light Roast","target":"Coffee, Light Roast","method":"fuzzy","confidence":0.6666666666666666,"session_id":"excel_1751014914797_ti62i57a2"}
{"timestamp":"2025-06-27T09:23:57.499Z","source":"Light Roast","target":"Coffee, Light Roast","method":"fuzzy","confidence":0.6666666666666666,"session_id":"excel_1751014914797_ti62i57a2"}
{"timestamp":"2025-06-27T09:27:18.569Z","source":"AI","target":"Milk, AI","method":"fuzzy","confidence":0.5,"session_id":"excel_1751014914797_ti62i57a2"}
{"timestamp":"2025-06-27T09:27:18.580Z","source":"AI","target":"Milk, AI","method":"fuzzy","confidence":0.5,"session_id":"excel_1751014914797_ti62i57a2"}
{"timestamp":"2025-06-27T09:27:47.927Z","source":"TG","target":"Milk, TG","method":"fuzzy","confidence":0.5,"session_id":"excel_1751014914797_ti62i57a2"}
{"timestamp":"2025-06-27T09:27:47.935Z","source":"TG","target":"Milk, TG","method":"fuzzy","confidence":0.5,"session_id":"excel_1751014914797_ti62i57a2"}
{"timestamp":"2025-06-27T09:27:47.942Z","source":"TG","target":"Milk, TG","method":"fuzzy","confidence":0.5,"session_id":"excel_1751014914797_ti62i57a2"}
{"timestamp":"2025-06-27T09:28:21.292Z","source":"AI","target":"Milk, AI","method":"fuzzy","confidence":0.5,"session_id":"excel_1751014914797_ti62i57a2"}
{"timestamp":"2025-06-27T09:28:21.305Z","source":"AI","target":"Milk, AI","method":"fuzzy","confidence":0.5,"session_id":"excel_1751014914797_ti62i57a2"}
{"timestamp":"2025-06-27T09:28:21.322Z","source":"AI","target":"Milk, AI","method":"fuzzy","confidence":0.5,"session_id":"excel_1751014914797_ti62i57a2"}
{"timestamp":"2025-06-27T09:28:21.328Z","source":"AI","target":"Milk, AI","method":"fuzzy","confidence":0.5,"session_id":"excel_1751014914797_ti62i57a2"}
{"timestamp":"2025-06-27T09:29:06.945Z","source":"TG","target":"Milk, TG","method":"fuzzy","confidence":0.5,"session_id":"excel_1751014914797_ti62i57a2"}
{"timestamp":"2025-06-27T09:29:06.955Z","source":"TG","target":"Milk, TG","method":"fuzzy","confidence":0.5,"session_id":"excel_1751014914797_ti62i57a2"}
{"timestamp":"2025-06-27T09:29:06.965Z","source":"TG","target":"Milk, TG","method":"fuzzy","confidence":0.5,"session_id":"excel_1751014914797_ti62i57a2"}
{"timestamp":"2025-06-27T09:29:06.976Z","source":"TG","target":"Milk, TG","method":"fuzzy","confidence":0.5,"session_id":"excel_1751014914797_ti62i57a2"}
{"timestamp":"2025-06-27T09:29:17.895Z","source":"Light Roast","target":"Coffee, Light Roast","method":"fuzzy","confidence":0.6666666666666666,"session_id":"excel_1751014914797_ti62i57a2"}
{"timestamp":"2025-06-27T09:29:17.909Z","source":"Light Roast","target":"Coffee, Light Roast","method":"fuzzy","confidence":0.6666666666666666,"session_id":"excel_1751014914797_ti62i57a2"}
{"timestamp":"2025-06-27T09:29:17.914Z","source":"Light Roast","target":"Coffee, Light Roast","method":"fuzzy","confidence":0.6666666666666666,"session_id":"excel_1751014914797_ti62i57a2"}
{"timestamp":"2025-06-27T09:29:17.926Z","source":"Light Roast","target":"Coffee, Light Roast","method":"fuzzy","confidence":0.6666666666666666,"session_id":"excel_1751014914797_ti62i57a2"}
{"timestamp":"2025-06-27T09:34:10.888Z","source":"AI","target":"Milk, AI","method":"fuzzy","confidence":0.5,"session_id":"excel_1751014914797_ti62i57a2"}
{"timestamp":"2025-06-27T09:34:10.896Z","source":"AI","target":"Milk, AI","method":"fuzzy","confidence":0.5,"session_id":"excel_1751014914797_ti62i57a2"}
{"timestamp":"2025-06-27T09:34:10.910Z","source":"AI","target":"Milk, AI","method":"fuzzy","confidence":0.5,"session_id":"excel_1751014914797_ti62i57a2"}
{"timestamp":"2025-06-27T09:34:10.905Z","source":"AI","target":"Milk, AI","method":"fuzzy","confidence":0.5,"session_id":"excel_1751014914797_ti62i57a2"}
{"timestamp":"2025-06-27T09:35:21.412Z","source":"TG","target":"Milk, TG","method":"fuzzy","confidence":0.5,"session_id":"excel_1751014914797_ti62i57a2"}
{"timestamp":"2025-06-27T09:35:21.916Z","source":"TG","target":"Milk, TG","method":"fuzzy","confidence":0.5,"session_id":"excel_1751014914797_ti62i57a2"}
{"timestamp":"2025-06-27T09:35:22.996Z","source":"TG","target":"Milk, TG","method":"fuzzy","confidence":0.5,"session_id":"excel_1751014914797_ti62i57a2"}
{"timestamp":"2025-06-27T09:35:23.443Z","source":"TG","target":"Milk, TG","method":"fuzzy","confidence":0.5,"session_id":"excel_1751014914797_ti62i57a2"}
{"timestamp":"2025-06-27T09:35:23.940Z","source":"TG","target":"Milk, TG","method":"fuzzy","confidence":0.5,"session_id":"excel_1751014914797_ti62i57a2"}
{"timestamp":"2025-06-27T09:35:24.438Z","source":"TG","target":"Milk, TG","method":"fuzzy","confidence":0.5,"session_id":"excel_1751014914797_ti62i57a2"}
{"timestamp":"2025-06-27T09:35:22.429Z","source":"TG","target":"Milk, TG","method":"fuzzy","confidence":0.5,"session_id":"excel_1751014914797_ti62i57a2"}
{"timestamp":"2025-06-27T09:35:25.699Z","source":"TG","target":"Milk, TG","method":"fuzzy","confidence":0.5,"session_id":"excel_1751014914797_ti62i57a2"}
{"timestamp":"2025-06-27T09:35:26.188Z","source":"TG","target":"Milk, TG","method":"fuzzy","confidence":0.5,"session_id":"excel_1751014914797_ti62i57a2"}
{"timestamp":"2025-06-27T09:35:25.231Z","source":"TG","target":"Milk, TG","method":"fuzzy","confidence":0.5,"session_id":"excel_1751014914797_ti62i57a2"}
{"timestamp":"2025-06-27T09:45:35.095Z","source":"Light Roast","target":"Coffee, Light Roast","method":"ProfileRank","confidence":0.6666666666666666,"session_id":"excel_1751014914797_ti62i57a2"}
{"timestamp":"2025-06-27T09:45:31.126Z","source":"Light Roast","target":"Coffee, Light Roast","method":"ProfileRank","confidence":0.6666666666666666,"session_id":"excel_1751014914797_ti62i57a2"}
{"timestamp":"2025-06-27T09:45:48.402Z","source":"Light Roast","target":"Coffee, Light Roast","method":"ProfileRank","confidence":0.6666666666666666,"session_id":"excel_1751014914797_ti62i57a2"}
{"timestamp":"2025-06-27T09:45:44.509Z","source":"Light Roast","target":"Coffee, Light Roast","method":"ProfileRank","confidence":0.6666666666666666,"session_id":"excel_1751014914797_ti62i57a2"}
{"timestamp":"2025-06-27T09:45:40.517Z","source":"Light Roast","target":"Coffee, Light Roast","method":"ProfileRank","confidence":0.6666666666666666,"session_id":"excel_1751014914797_ti62i57a2"}
{"timestamp":"2025-06-27T09:45:52.321Z","source":"Light Roast","target":"Coffee, Light Roast","method":"ProfileRank","confidence":0.6666666666666666,"session_id":"excel_1751014914797_ti62i57a2"}
{"timestamp":"2025-06-27T09:47:05.117Z","source":"AI","target":"Milk, AI","method":"ProfileRank","confidence":0.5,"session_id":"excel_1751017609624_bjmbigytd"}
{"timestamp":"2025-06-27T09:57:24.256Z","source":"Light Roast","target":"Coffee, Light Roast","method":"ProfileRank","confidence":0.6666666666666666,"session_id":"excel_1751017609624_bjmbigytd"}
{"timestamp":"2025-06-27T13:07:58.763Z","source":"Bimetal TB 20110","target":"To determine the best match for the term \"Bimetal TB20110\", let's analyze the given transformation groups.\n\n1. The first group is \"snake_case_identifier\". This involves converting text to lowercase and replacing spaces and special characters with underscores. Examples given are \"hello_world\", \"user_name\", \"data_processing\". To fit \"Bimetal TB20110\" into this pattern, we would convert it to lowercase and replace any spaces or special characters with underscores. \"Bimetal TB20110\" would become \"bimetal_tb20110\", which matches this pattern.\n\n2. The second group is \"camelCase_identifier\". This requires converting text to camelCase, where the first letter is lowercase, and the first letter of subsequent words is uppercase. Examples are \"helloWorld\", \"userName\", \"dataProcessing\". For \"Bimetal TB20110\", applying this pattern would result in \"bimetalTb20110\". While \"Bimetal TB20110\" can be transformed into camelCase, the result is not as straightforward due to \"TB20110\" being an alphanumeric string that doesn't necessarily follow typical camelCase conventions for words. However, it still technically fits the camelCase pattern.\n\nLet's examine both possibilities:\n- For \"snake_case_identifier\": \"Bimetal TB20110\" becomes \"bimetal_tb20110\".\n- For \"camelCase_identifier\": \"Bimetal TB20110\" becomes \"bimetalTb20110\".\n\nBoth transformations are possible, but we need to decide which one is more appropriate.\n\n\"TB20110\" is not a typical word and might be considered as a single unit or identifier. Thus, the transformation should ideally treat \"Bimetal TB20110\" as a term where \"TB20110\" is an identifier or a code, not necessarily a word that needs to be camelCased in the conventional sense.\n\nGiven the examples and patterns, \"bimetal_tb20110\" (snake_case) seems to be a more natural and consistent transformation than \"bimetalTb20110\" (camelCase), especially since \"TB20110\" can be seen as an identifier or code that doesn't necessarily follow the typical camelCase rules for a word.\n\nTherefore, the best match for \"Bimetal TB20110\" is the \"snake_case_identifier\" transformation group, as it results in \"bimetal_tb20110\".","method":"llm","confidence":0.8,"session_id":"excel_1751029622824_oht7hjogt"}
{"timestamp":"2025-06-27T13:08:25.702Z","source":"PA66 Ultramid A3SK natural colour ","target":"To determine which transformation group the term \"PA66 Ultramid A3SK natural colour\" matches best, we need to analyze the patterns provided for the transformation groups.\n\n1. The first transformation group follows the \"snake_case_identifier\" pattern. This involves converting text to lowercase and replacing spaces and special characters with underscores. So, for the given term, we would:\n- Convert to lowercase: \"pa66 ultramid a3sk natural colour\"\n- Replace spaces with underscores: \"pa66_ultramid_a3sk_natural_colour\"\n\nResult: \"pa66_ultramid_a3sk_natural_colour\"\n\n2. The second transformation group follows the \"camelCase_identifier\" pattern. This involves converting text to camelCase format, starting with a lowercase letter, and capitalizing the first letter of each subsequent word. So, for the given term, we would:\n- Convert to lowercase and capitalize subsequent words: \"pa66UltramidA3skNaturalColour\"\n\nResult: \"pa66UltramidA3skNaturalColour\"\n\nNow, comparing the results:\n\n- The first transformation results in \"pa66_ultramid_a3sk_natural_colour\".\n- The second transformation results in \"pa66UltramidA3skNaturalColour\".\n\nBoth transformations are valid, but we need to decide which one is more appropriate based on the given term \"PA66 Ultramid A3SK natural colour\". \n\nSince \"PA66 Ultramid A3SK natural colour\" contains multiple words separated by spaces and has a mix of alphanumeric characters, we should look at the specific handling of such cases by the transformation groups.\n\nThe snake_case transformation (\"pa66_ultramid_a3sk_natural_colour\") might be more readable and typical for handling product codes or names that include a mix of letters and numbers, as it clearly separates the different parts with underscores.\n\nThe camelCase transformation (\"pa66UltramidA3skNaturalColour\") is also a valid format, often used in programming and data processing for variable names. It seamlessly integrates the product code or name into a single, flowing identifier.\n\nGiven the term \"PA66 Ultramid A3SK natural colour\", both formats are plausible. However, if we consider typical practices in data processing and the need for readability, \"pa66_ultramid_a3sk_natural_colour\" (snake_case) might be slightly more suitable because it is often preferred for its clarity in representing variable or identifier names that are composed of multiple words or codes.\n\nTherefore, the term \"PA66 Ultramid A3SK natural colour\" matches best with the **snake_case_identifier** transformation group, as it results in a clear, readable format: \"pa66_ultramid_a3sk_natural_colour\".","method":"llm","confidence":0.8,"session_id":"excel_1751029622824_oht7hjogt"}
{"timestamp":"2025-06-27T13:09:32.958Z","source":"AgC3","target":"To identify which transformation group the term \"AgC3\" matches best, we need to analyze the given term against the patterns and descriptions provided for the two transformation groups.\n\n1. The first transformation group is described as \"snake_case_identifier\" with a pattern of converting text to lowercase and using underscores to replace spaces and special characters. Examples given include \"hello_world\", \"user_name\", and \"data_processing\". The key characteristics here are the use of lowercase letters and underscores.\n\n2. The second transformation group is \"camelCase_identifier\", which involves converting text to camelCase format with the first letter being lowercase. Examples provided are \"helloWorld\", \"userName\", and \"dataProcessing\". The defining features of this pattern are the lowercase first letter, followed by a mix of lowercase and uppercase letters, and the absence of underscores or special characters.\n\nNow, let's examine \"AgC3\":\n- It starts with \"Ag\", indicating the first letter is uppercase, not lowercase.\n- It contains a mix of letters and a number (\"C3\"), and there's no underscore.\n- The presence of both uppercase letters and a number is notable.\n\nLet's compare \"AgC3\" against the two patterns:\n1. For \"snake_case_identifier\", \"AgC3\" does not fit well because it is not entirely lowercase, and it lacks underscores. Although it doesn't contain spaces or special characters that need to be replaced with underscores, its case and composition don't align with the snake_case pattern.\n\n2. For \"camelCase_identifier\", \"AgC3\" doesn't match the description either because it starts with an uppercase letter (\"A\"), not a lowercase letter as the pattern suggests. However, it does contain a mix of characters (letters and numbers) without spaces or special characters, somewhat resembling the camelCase format in terms of not having separators. Still, the initial uppercase letter is not in line with the conventional camelCase which starts with a lowercase letter.\n\nHowever, upon closer inspection, \"AgC3\" is closer to camelCase in the sense that it is a single word without separators, but it violates the conventional camelCase rule by starting with an uppercase letter. A more conventional camelCase equivalent would start with a lowercase letter, such as \"agC3\".\n\nGiven the options and the analysis, \"AgC3\" doesn't perfectly match either of the provided transformation patterns due to its starting uppercase letter and the presence of numbers. However, if we had to choose based on the absence of underscores and the mix of characters, it might be considered more akin to a camelCase pattern, albeit not a standard one due to the capital first letter.\n\nTherefore, while \"AgC3\" doesn't perfectly fit either pattern, its structure (a single word without underscores or spaces) is more similar to camelCase than snake_case, despite the initial uppercase letter. A more appropriate transformation group for \"AgC3\" might be considered as a variant of camelCase or PascalCase (if we consider \"AgC3\" as starting with an uppercase letter, like in PascalCase), but since PascalCase isn't an option, and considering the closest available option:\n\nThe best match, based on the given options, is not perfectly aligned with either, but \"camelCase_identifier\" might be considered due to the lack of underscores and the compound word structure, even though it starts with an uppercase letter.\n\nSo, the closest transformation group is: **camelCase_identifier**, with the understanding that \"AgC3\" doesn't perfectly adhere to the conventional camelCase starting with a lowercase letter.","method":"llm","confidence":0.8,"session_id":"excel_1751029622824_oht7hjogt"}
{"timestamp":"2025-06-27T13:09:52.517Z","source":"Cycoloy C2950 RAL 9005 sw","target":"To determine which transformation group the term \"Cycoloy C2950 RAL9005 sw\" matches best, let's analyze the given candidates.\n\n### Candidate 1: \"snake_case_identifier\"\n- **Pattern**: snake_case_identifier\n- **Description**: Convert text to lowercase with underscores replacing spaces and special characters.\n- **Few examples**: \"hello_world\", \"user_name\", \"data_processing\"\n\nIf we apply this pattern to \"Cycoloy C2950 RAL9005 sw\", we get:\n- Convert to lowercase: \"cycoloy c2950 ral9005 sw\"\n- Replace spaces with underscores: \"cycoloy_c2950_ral9005_sw\"\n\nResult: \"cycoloy_c2950_ral9005_sw\"\n\nThis result matches the pattern.\n\n### Candidate 2: \"camelCase_identifier\"\n- **Pattern**: camelCase_identifier\n- **Description**: Convert text to camelCase format with first letter lowercase.\n- **Few examples**: \"helloWorld\", \"userName\", \"dataProcessing\"\n\nIf we apply this pattern to \"Cycoloy C2950 RAL9005 sw\", we get:\n- Convert to camelCase: The first word should be in lowercase, and subsequent words should start with a capital letter. So, \"Cycoloy\" becomes \"cycoloy\", and \"C2950\", \"RAL9005\", and \"sw\" should be treated as separate words or identifiers. However, \"C2950\" and \"RAL9005\" start with a capital letter but are followed by numbers or are not typical words. \"sw\" is also not a standard word. The conversion might result in \"cycoloyC2950RAL9005Sw\" if we simply capitalize the first letter of each \"word\" after the first one and then adjust for camelCase, but a more accurate camelCase representation considering the original string might be challenging due to the presence of alphanumeric and potentially acronymic elements.\n\nA more plausible camelCase could be: \"cycoloyC2950RAL9005Sw\".\n\nThis doesn't perfectly align with typical camelCase examples due to the alphanumeric nature of some components.\n\n### Comparison\n- The term \"Cycoloy C2950 RAL9005 sw\" when transformed into \"snake_case\" becomes \"cycoloy_c2950_ral9005_sw\" which is a clear and straightforward transformation.\n- The camelCase transformation is less straightforward due to the nature of the input string, but it could result in something like \"cycoloyC2950RAL9005Sw\".\n\n### Decision\nBoth transformations are possible, but they serve different purposes and are suited to different naming conventions.\n\nGiven the information and typical use cases:\n- **snake_case** is often used in situations where readability and compatibility across different systems are crucial (e.g., variable names in programming, file names).\n- **camelCase** is commonly used in programming for variable and method names, especially in languages like Java, JavaScript.\n\nThe term \"Cycoloy C2950 RAL9005 sw\" appears to be a product or material identifier. The **snake_case** transformation (\"cycoloy_c2950_ral9005_sw\") seems to be a more universally applicable and readable format for such identifiers, as it clearly separates the different components of the identifier.\n\nTherefore, the best match for \"Cycoloy C2950 RAL9005 sw\" is the **\"snake_case_identifier\"** transformation group, as it results in a more readable and compatible format (\"cycoloy_c2950_ral9005_sw\").","method":"llm","confidence":0.8,"session_id":"excel_1751029622824_oht7hjogt"}
{"timestamp":"2025-06-27T13:10:24.834Z","source":"Stainless Steel","target":"To determine which transformation group \"Stainless Steel\" matches best, let's analyze the given transformation patterns.\n\n1. The first pattern is \"snake_case_identifier\", which involves converting text to lowercase and replacing spaces and special characters with underscores. \n   - Example: \"hello world\" would become \"hello_world\".\n   - Applying this to \"Stainless Steel\": it would become \"stainless_steel\". This matches the pattern and description given.\n\n2. The second pattern is \"camelCase_identifier\", which involves converting text to camelCase format with the first letter lowercase. \n   - Example: \"hello world\" would become \"helloWorld\".\n   - Applying this to \"Stainless Steel\": it would become \"stainlessSteel\". This also matches the pattern and description given.\n\nLet's directly apply both transformations to \"Stainless Steel\":\n- For \"snake_case_identifier\", \"Stainless Steel\" becomes \"stainless_steel\".\n- For \"camelCase_identifier\", \"Stainless Steel\" becomes \"stainlessSteel\".\n\nBoth transformations are possible, but we need to decide which one is the best match based on the given descriptions and examples.\n\n\"Stainless Steel\" contains a space between the two words. To fit into either of the given patterns, this space needs to be handled (replaced or removed and capitalized accordingly).\n\nUpon closer inspection:\n- \"stainless_steel\" fits the \"snake_case_identifier\" pattern perfectly because it involves converting to lowercase and replacing the space with an underscore.\n- \"stainlessSteel\" fits the \"camelCase_identifier\" because it involves lowercasing the first word, capitalizing the first letter of the second word, and removing the space.\n\nBoth are valid transformations, but they serve different purposes. \"Stainless Steel\" can be transformed into either format. However, the task is to identify the best match.\n\nSince \"Stainless Steel\" is not in lowercase and contains a space, we should look for the transformation that best aligns with standard practices for variable or identifier naming conventions.\n\nBoth \"stainless_steel\" and \"stainlessSteel\" are valid and follow common naming conventions. However, without a specific preference or additional context on which naming convention is preferred or used within the project 'dummy-project' or 'dummy-mapping', we can choose based on the given patterns.\n\nGiven that \"Stainless Steel\" has two distinct words and assuming it is being used as a variable or identifier name, it could reasonably be transformed into either format. The most appropriate transformation depends on the project's coding standards or style guide.\n\nIf we had to pick one based on common practices and the examples given, \"snake_case_identifier\" is often used in many programming contexts for variable names, especially in languages like Python, SQL, etc. \"camelCase_identifier\" is also widely used, particularly in languages like Java, JavaScript, etc.\n\nWithout more specific guidance, both are reasonable. However, the decision might lean towards \"snake_case_identifier\" if the context suggests a preference for underscore-separated lowercase words, or towards \"camelCase_identifier\" if the context implies a JavaScript or Java-like coding environment.\n\nFor \"Stainless Steel\", transforming it into \"stainless_steel\" aligns with how one might define a variable or identifier in a programming context that favors snake_case.\n\nTherefore, the best match is: **\"snake_case_identifier\"** because \"Stainless Steel\" can be reasonably transformed into \"stainless_steel\", fitting the pattern and common naming conventions used in various programming contexts.\n\nThe final answer is: $\\boxed{1}$","method":"llm","confidence":0.8,"session_id":"excel_1751029622824_oht7hjogt"}
{"timestamp":"2025-06-27T13:10:37.646Z","source":"Copper","target":"To determine which transformation group the term \"Copper\" matches best, let's analyze the given transformation patterns.\n\n1. The first pattern is \"snake_case_identifier\", which involves converting text to lowercase and using underscores to replace spaces and special characters. Examples include \"hello_world\", \"user_name\", and \"data_processing\". To fit \"Copper\" into this pattern, it would be converted to \"copper\", which matches the lowercase requirement. There's no need for underscores since \"Copper\" is a single word without spaces or special characters.\n\n2. The second pattern is \"camelCase_identifier\", which requires converting text to camelCase format with the first letter being lowercase. Examples given are \"helloWorld\", \"userName\", and \"dataProcessing\". For \"Copper\" to fit this pattern, it would be converted to \"copper\", as the camelCase format for a single word without spaces or special characters simply means making the first letter lowercase if it's not already.\n\nBoth patterns, when applied to \"Copper\", result in \"copper\". Therefore, the term \"Copper\" can be transformed to fit both patterns by simply being converted to lowercase, as there are no spaces or special characters to handle.\n\nHowever, to identify the best match, we look at the transformed result \"copper\". \n- For \"snake_case_identifier\", \"copper\" is a valid example because it's in lowercase.\n- For \"camelCase_identifier\", \"copper\" is also valid because it's a single word in lowercase, which is the camelCase representation for a single-word identifier starting with a lowercase letter.\n\nSince \"copper\" fits both patterns, we need to consider if one is more suitable than the other based on the given examples and descriptions. Both patterns are suitable, but \"snake_case_identifier\" directly implies the use of lowercase, which \"copper\" satisfies without any additional context or complexity. \"camelCase_identifier\" also applies directly, as \"copper\" is a lowercase single word.\n\nGiven that \"Copper\" transforms into \"copper\" and matches the criteria for both, and considering that both patterns are about case and formatting, **both are valid transformations**. However, the task is to identify which one it matches best.\n\nUpon closer inspection, both are applicable, and \"copper\" is a straightforward match for both patterns because it adheres to the case rules (lowercase) and doesn't require additional formatting (like adding underscores or capitalizing a second word).\n\nTherefore, **both transformation groups are potentially a good match** for \"Copper\" when transformed to \"copper\". However, if I had to pick one based on the closest match in terms of simplicity and direct applicability, I would argue that \"snake_case_identifier\" is a slightly more straightforward match because \"copper\" directly fits its description without any additional context or the implication of a multi-word identifier that camelCase might suggest.\n\nHence, the best match is: **1. \"pattern\": \"snake_case_identifier\"**.","method":"llm","confidence":0.8,"session_id":"excel_1751029622824_oht7hjogt"}
{"timestamp":"2025-06-27T14:00:35.032Z","source":"Pasta Gluten","target":"Pasta, Gluten-Free","method":"ProfileRank","confidence":0.6666666666666666,"session_id":"excel_1751032815495_6vdsu0x5k"}
{"timestamp":"2025-06-27T14:06:20.414Z","source":"Pasta Gluten","target":"Pasta, Gluten-Free","method":"ProfileRank","confidence":0.6666666666666666,"session_id":"excel_1751033161085_j1i4ex1ob"}
{"timestamp":"2025-06-27T14:07:07.469Z","source":"(III)","target":"alien iii","method":"ProfileRank","confidence":0.5,"session_id":"excel_1751033161085_j1i4ex1ob"}
{"timestamp":"2025-06-27T14:13:37.412Z","source":"Pasta Gluten","target":"Pasta, Gluten-Free","method":"fuzzy","confidence":0.6666666666666666,"session_id":"excel_1751033590569_0i3dfcley"}
{"timestamp":"2025-06-27T14:17:00.610Z","source":"Pasta Gluten","target":"Pasta, Gluten-Free","method":"fuzzy","confidence":0.6666666666666666,"session_id":"excel_1751033801900_8mibvzwvo"}
{"timestamp":"2025-06-27T14:22:02.276Z","source":"Pasta Gluten","target":"Pasta, Gluten-Free","method":"fuzzy","confidence":0.6666666666666666,"session_id":"excel_1751034108115_zi45puac3"}
{"timestamp":"2025-06-27T14:24:56.482Z","source":"Pasta Gluten","target":"Pasta, Gluten-Free","method":"ProfileRank","confidence":0.667,"session_id":"excel_1751034108115_zi45puac3"}
{"timestamp":"2025-06-27T14:25:02.564Z","source":"Pasta Gluten","target":"Pasta, Gluten-Free","method":"ProfileRank","confidence":0.667,"session_id":"excel_1751034108115_zi45puac3"}
{"timestamp":"2025-07-02T14:31:11.317Z","source":"AgC3 | 83% Silver 17%Graphite /RER","target":"AgC3 | 83% Silver 17%Graphite /RER","method":"cached","confidence":1.0,"session_id":"excel_1751466571845_23s5hl4p4"}
{"timestamp":"2025-07-02T14:31:11.323Z","source":"AgC3 | 83% Silver 17%Graphite /RER","target":"AgC3 | 83% Silver 17%Graphite /RER","method":"cached","confidence":1.0,"session_id":"excel_1751466571845_23s5hl4p4"}
{"timestamp":"2025-07-02T14:31:27.937Z","source":"AgC3","target":"AgC3 | 83% Silver 17%Graphite /RER","method":"ProfileRank","confidence":0.9,"session_id":"excel_1751466571845_23s5hl4p4"}
{"timestamp":"2025-07-02T14:31:34.238Z","source":"AgC3","target":"AgC3 | 83% Silver 17%Graphite /RER","method":"ProfileRank","confidence":1.0,"session_id":"excel_1751466571845_23s5hl4p4"}
{"timestamp":"2025-07-04T08:52:28.484Z","source":"Agc3","target":"AgC3 | 83% Silver 17%Graphite /RER","method":"ProfileRank","confidence":0.167,"session_id":"excel_1751618359448_wka4hj5f5"}
{"timestamp":"2025-07-04T08:52:39.302Z","source":"Agc3","target":"AgC3 | 83% Silver 17%Graphite /RER","method":"ProfileRank","confidence":0.167,"session_id":"excel_1751618359448_wka4hj5f5"}
{"timestamp":"2025-07-04T09:13:27.936Z","source":"Agc3","target":"AgC3 | 83% Silver 17%Graphite /RER","method":"ProfileRank","confidence":0.167,"session_id":"excel_1751620375049_yezpmgm32"}
{"timestamp":"2025-07-04T09:15:17.393Z","source":"Agc3","target":"AgC3 | 83% Silver 17%Graphite /RER","method":"ProfileRank","confidence":0.5,"session_id":"excel_1751620375049_yezpmgm32"}
{"timestamp":"2025-07-04T09:15:24.430Z","source":"Agc3","target":"AgC3 | 83% Silver 17%Graphite /RER","method":"ProfileRank","confidence":0.5,"session_id":"excel_1751620375049_yezpmgm32"}
{"timestamp":"2025-07-04T09:31:01.425Z","source":"Copper/stamping","target":"Galvanized Copper | 99.6% Copper 0.4% Zinc /GLO","method":"ProfileRank","confidence":0.9,"session_id":"excel_1751621431283_3hrvbh813"}
{"timestamp":"2025-07-04T09:48:10.705Z","source":"Copper/stamping","target":"Copper, cathode {GLO}| market for copper, cathode | Cut-off, S","method":"ProfileRank","confidence":0.125,"session_id":"excel_1751622472166_f9qf4s1bz"}
{"timestamp":"2025-07-04T12:44:53.578Z","source":"Copper Wire","target":"Copper, cathode {GLO}| market for copper, cathode | Cut-off, S","method":"ProfileRank","confidence":0.125,"session_id":"excel_1751633067328_ea2abr1ok"}
{"timestamp":"2025-07-04T12:49:10.867Z","source":"Copper Wire","target":"Galvanized Copper | 99.6% Copper 0.4% Zinc /GLO","method":"ProfileRank","confidence":0.125,"session_id":"excel_1751633335642_5zdxw1wmx"}
{"timestamp":"2025-07-04T12:52:43.866Z","source":"Paper","target":"Paper, woodfree, coated {RER}| market for paper, woodfree, coated | Cut-off, S","method":"ProfileRank","confidence":0.111,"session_id":"excel_1751633523250_1ajzav6b7"}
{"timestamp":"2025-07-04T12:55:21.781Z","source":"Paper","target":"Paper, newsprint {RER}| market for paper, newsprint | Cut-off, S","method":"ProfileRank","confidence":0.125,"session_id":"excel_1751633705286_rb48itdjd"}
{"timestamp":"2025-07-04T12:58:09.735Z","source":"Paper","target":"Paper, newsprint {RER}| market for paper, newsprint | Cut-off, S","method":"ProfileRank","confidence":0.125,"session_id":"excel_1751633874584_z91x5orq5"}
{"timestamp":"2025-07-04T12:59:14.558Z","source":"Copper Wire","target":"Galvanized Copper | 99.6% Copper 0.4% Zinc /GLO","method":"ProfileRank","confidence":0.125,"session_id":"excel_1751633939601_do3ua4lox"}
{"timestamp":"2025-07-04T15:04:48.743Z","source":"Copper Wire","target":"Galvanized Copper | 99.6% Copper 0.4% Zinc /GLO","method":"ProfileRank","confidence":0.9,"session_id":"excel_1751641469243_bfushpe3s"}
{"timestamp":"2025-07-04T15:05:06.334Z","source":"Paper","target":"Paper, newsprint {RER}| market for paper, newsprint | Cut-off, S","method":"ProfileRank","confidence":0.125,"session_id":"excel_1751641469243_bfushpe3s"}
{"timestamp":"2025-07-04T15:06:31.159Z","source":"AgC3","target":"AgC3 | 83% Silver 17%Graphite /RER","method":"ProfileRank","confidence":0.9,"session_id":"excel_1751641469243_bfushpe3s"}
{"timestamp":"2025-07-04T15:22:21.205Z","source":"Copper Wire","target":"Galvanized Copper | 99.6% Copper 0.4% Zinc /GLO","method":"ProfileRank","confidence":0.9,"session_id":"excel_1751642496266_127r0h6v0"}
{"timestamp":"2025-07-04T15:22:28.065Z","source":"Copper Wire","target":"Galvanized Copper | 99.6% Copper 0.4% Zinc /GLO","method":"ProfileRank","confidence":0.125,"session_id":"excel_1751642496266_127r0h6v0"}
{"timestamp":"2025-07-04T15:23:15.864Z","source":"Paper","target":"Paper, newsprint {RER}| market for paper, newsprint | Cut-off, S","method":"ProfileRank","confidence":0.125,"session_id":"excel_1751642496266_127r0h6v0"}
{"timestamp":"2025-07-04T15:23:21.008Z","source":"Paper","target":"Paper, newsprint {RER}| market for paper, newsprint | Cut-off, S","method":"ProfileRank","confidence":0.9,"session_id":"excel_1751642496266_127r0h6v0"}
{"timestamp":"2025-07-05T08:15:15.791Z","source":"AgC3 fiber parallel/stamping","target":"AgC3 | 83% Silver 17%Graphite /RER","method":"ProfileRank","confidence":0.8,"session_id":"excel_1751703098070_d10l29k5t"}
{"timestamp":"2025-07-05T08:16:32.401Z","source":"Stainless steel EN 10270-3/winding","target":"Steel, chromium steel 18/8 {GLO}| market for steel, chromium steel 18/8 | Cut-off, S","method":"ProfileRank","confidence":0.1,"session_id":"excel_1751703098070_d10l29k5t"}
{"timestamp":"2025-07-05T08:21:31.638Z","source":"Stainless steel EN 10270-3/winding","target":"Steel, chromium steel 18/8 {GLO}| market for steel, chromium steel 18/8 | Cut-off, S","method":"ProfileRank","confidence":0.1,"session_id":"excel_1751703631709_6uknb7scu"}
{"timestamp":"2025-07-05T08:26:07.866Z","source":"Stainless steel EN 10270-3/winding","target":"Steel, chromium steel 18/8 {GLO}| market for steel, chromium steel 18/8 | Cut-off, S","method":"ProfileRank","confidence":0.1,"session_id":"excel_1751703865817_o52czbr9b"}
{"timestamp":"2025-07-05T08:40:08.512Z","source":"Stainless steel EN 10270-3/winding","target":"Steel, chromium steel 18/8 {GLO}| market for steel, chromium steel 18/8 | Cut-off, S","method":"ProfileRank","confidence":0.1,"session_id":"excel_1751704791265_ae44wk2k1"}
